date,county,state,fips,cases,deaths
2020-03-05,Williamson,Tennessee,47187,1,0
2020-03-06,Williamson,Tennessee,47187,1,0
2020-03-07,Williamson,Tennessee,47187,1,0
2020-03-08,Davidson,Tennessee,47037,1,0
2020-03-08,Shelby,Tennessee,47157,1,0
2020-03-08,Williamson,Tennessee,47187,1,0
2020-03-09,Davidson,Tennessee,47037,1,0
2020-03-09,Shelby,Tennessee,47157,1,0
2020-03-09,Williamson,Tennessee,47187,2,0
2020-03-10,Davidson,Tennessee,47037,1,0
2020-03-10,Shelby,Tennessee,47157,1,0
2020-03-10,Sullivan,Tennessee,47163,1,0
2020-03-10,Williamson,Tennessee,47187,4,0
2020-03-11,Davidson,Tennessee,47037,2,0
2020-03-11,Shelby,Tennessee,47157,1,0
2020-03-11,Sullivan,Tennessee,47163,1,0
2020-03-11,Williamson,Tennessee,47187,4,0
2020-03-12,Davidson,Tennessee,47037,6,0
2020-03-12,Knox,Tennessee,47093,1,0
2020-03-12,Shelby,Tennessee,47157,2,0
2020-03-12,Sullivan,Tennessee,47163,1,0
2020-03-12,Williamson,Tennessee,47187,8,0
2020-03-13,Davidson,Tennessee,47037,10,0
2020-03-13,Hamilton,Tennessee,47065,1,0
2020-03-13,Jefferson,Tennessee,47089,1,0
2020-03-13,Knox,Tennessee,47093,1,0
2020-03-13,Rutherford,Tennessee,47149,1,0
2020-03-13,Shelby,Tennessee,47157,2,0
2020-03-13,Sullivan,Tennessee,47163,1,0
2020-03-13,Williamson,Tennessee,47187,9,0
2020-03-14,Campbell,Tennessee,47013,1,0
2020-03-14,Davidson,Tennessee,47037,14,0
2020-03-14,Hamilton,Tennessee,47065,1,0
2020-03-14,Jefferson,Tennessee,47089,1,0
2020-03-14,Knox,Tennessee,47093,1,0
2020-03-14,Rutherford,Tennessee,47149,1,0
2020-03-14,Shelby,Tennessee,47157,2,0
2020-03-14,Sullivan,Tennessee,47163,1,0
2020-03-14,Williamson,Tennessee,47187,10,0
2020-03-15,Campbell,Tennessee,47013,1,0
2020-03-15,Davidson,Tennessee,47037,17,0
2020-03-15,Hamilton,Tennessee,47065,1,0
2020-03-15,Jefferson,Tennessee,47089,1,0
2020-03-15,Knox,Tennessee,47093,1,0
2020-03-15,Rutherford,Tennessee,47149,1,0
2020-03-15,Shelby,Tennessee,47157,2,0
2020-03-15,Sullivan,Tennessee,47163,1,0
2020-03-15,Williamson,Tennessee,47187,14,0
2020-03-16,Campbell,Tennessee,47013,1,0
2020-03-16,Davidson,Tennessee,47037,25,0
2020-03-16,Hamilton,Tennessee,47065,1,0
2020-03-16,Jefferson,Tennessee,47089,1,0
2020-03-16,Knox,Tennessee,47093,1,0
2020-03-16,Rutherford,Tennessee,47149,1,0
2020-03-16,Sevier,Tennessee,47155,1,0
2020-03-16,Shelby,Tennessee,47157,2,0
2020-03-16,Sullivan,Tennessee,47163,1,0
2020-03-16,Williamson,Tennessee,47187,18,0
2020-03-17,Campbell,Tennessee,47013,1,0
2020-03-17,Davidson,Tennessee,47037,42,0
2020-03-17,Hamilton,Tennessee,47065,1,0
2020-03-17,Jefferson,Tennessee,47089,1,0
2020-03-17,Knox,Tennessee,47093,2,0
2020-03-17,Rutherford,Tennessee,47149,1,0
2020-03-17,Sevier,Tennessee,47155,1,0
2020-03-17,Shelby,Tennessee,47157,2,0
2020-03-17,Sullivan,Tennessee,47163,1,0
2020-03-17,Williamson,Tennessee,47187,21,0
2020-03-18,Campbell,Tennessee,47013,1,0
2020-03-18,Cheatham,Tennessee,47021,1,0
2020-03-18,Davidson,Tennessee,47037,58,0
2020-03-18,Hamilton,Tennessee,47065,1,0
2020-03-18,Jefferson,Tennessee,47089,1,0
2020-03-18,Knox,Tennessee,47093,2,0
2020-03-18,Robertson,Tennessee,47147,1,0
2020-03-18,Rutherford,Tennessee,47149,1,0
2020-03-18,Sevier,Tennessee,47155,1,0
2020-03-18,Shelby,Tennessee,47157,4,0
2020-03-18,Sullivan,Tennessee,47163,1,0
2020-03-18,Sumner,Tennessee,47165,2,0
2020-03-18,Williamson,Tennessee,47187,24,0
2020-03-19,Campbell,Tennessee,47013,1,0
2020-03-19,Cheatham,Tennessee,47021,1,0
2020-03-19,Cumberland,Tennessee,47035,1,0
2020-03-19,Davidson,Tennessee,47037,75,0
2020-03-19,Dyer,Tennessee,47045,1,0
2020-03-19,Hamilton,Tennessee,47065,1,0
2020-03-19,Jefferson,Tennessee,47089,1,0
2020-03-19,Knox,Tennessee,47093,2,0
2020-03-19,Montgomery,Tennessee,47125,1,0
2020-03-19,Robertson,Tennessee,47147,2,0
2020-03-19,Rutherford,Tennessee,47149,1,0
2020-03-19,Sevier,Tennessee,47155,1,0
2020-03-19,Shelby,Tennessee,47157,22,0
2020-03-19,Sullivan,Tennessee,47163,1,0
2020-03-19,Sumner,Tennessee,47165,3,0
2020-03-19,Unknown,Tennessee,NA,2,0
2020-03-19,Washington,Tennessee,47179,2,0
2020-03-19,Williamson,Tennessee,47187,35,0
2020-03-19,Wilson,Tennessee,47189,2,0
2020-03-20,Anderson,Tennessee,47001,1,0
2020-03-20,Blount,Tennessee,47009,1,0
2020-03-20,Bradley,Tennessee,47011,1,0
2020-03-20,Campbell,Tennessee,47013,1,0
2020-03-20,Cheatham,Tennessee,47021,2,0
2020-03-20,Cumberland,Tennessee,47035,2,0
2020-03-20,Davidson,Tennessee,47037,110,0
2020-03-20,Dickson,Tennessee,47043,2,0
2020-03-20,Dyer,Tennessee,47045,1,0
2020-03-20,Greene,Tennessee,47059,1,0
2020-03-20,Hamblen,Tennessee,47063,1,0
2020-03-20,Hamilton,Tennessee,47065,5,0
2020-03-20,Jefferson,Tennessee,47089,1,0
2020-03-20,Knox,Tennessee,47093,3,0
2020-03-20,Maury,Tennessee,47119,1,0
2020-03-20,Montgomery,Tennessee,47125,3,0
2020-03-20,Robertson,Tennessee,47147,2,0
2020-03-20,Rutherford,Tennessee,47149,1,0
2020-03-20,Sevier,Tennessee,47155,1,0
2020-03-20,Shelby,Tennessee,47157,42,0
2020-03-20,Sullivan,Tennessee,47163,1,0
2020-03-20,Sumner,Tennessee,47165,11,0
2020-03-20,Tipton,Tennessee,47167,1,0
2020-03-20,Unknown,Tennessee,NA,2,0
2020-03-20,Washington,Tennessee,47179,2,0
2020-03-20,Williamson,Tennessee,47187,35,0
2020-03-20,Wilson,Tennessee,47189,3,0
2020-03-21,Anderson,Tennessee,47001,1,0
2020-03-21,Blount,Tennessee,47009,1,0
2020-03-21,Bradley,Tennessee,47011,1,0
2020-03-21,Campbell,Tennessee,47013,2,0
2020-03-21,Carroll,Tennessee,47017,1,0
2020-03-21,Cheatham,Tennessee,47021,2,0
2020-03-21,Cocke,Tennessee,47029,1,0
2020-03-21,Cumberland,Tennessee,47035,2,0
2020-03-21,Davidson,Tennessee,47037,140,2
2020-03-21,Dickson,Tennessee,47043,3,0
2020-03-21,Dyer,Tennessee,47045,2,0
2020-03-21,Fayette,Tennessee,47047,1,0
2020-03-21,Greene,Tennessee,47059,1,0
2020-03-21,Hamblen,Tennessee,47063,2,0
2020-03-21,Hamilton,Tennessee,47065,7,0
2020-03-21,Jefferson,Tennessee,47089,1,0
2020-03-21,Knox,Tennessee,47093,4,0
2020-03-21,Maury,Tennessee,47119,1,0
2020-03-21,Monroe,Tennessee,47123,3,0
2020-03-21,Montgomery,Tennessee,47125,3,0
2020-03-21,Putnam,Tennessee,47141,5,0
2020-03-21,Roane,Tennessee,47145,1,0
2020-03-21,Robertson,Tennessee,47147,2,0
2020-03-21,Rutherford,Tennessee,47149,5,0
2020-03-21,Scott,Tennessee,47151,2,0
2020-03-21,Sevier,Tennessee,47155,2,0
2020-03-21,Shelby,Tennessee,47157,42,0
2020-03-21,Sullivan,Tennessee,47163,1,0
2020-03-21,Sumner,Tennessee,47165,11,0
2020-03-21,Tipton,Tennessee,47167,2,0
2020-03-21,Unknown,Tennessee,NA,8,0
2020-03-21,Washington,Tennessee,47179,2,0
2020-03-21,Williamson,Tennessee,47187,47,0
2020-03-21,Wilson,Tennessee,47189,3,0
2020-03-22,Anderson,Tennessee,47001,1,0
2020-03-22,Blount,Tennessee,47009,1,0
2020-03-22,Bradley,Tennessee,47011,2,0
2020-03-22,Campbell,Tennessee,47013,2,0
2020-03-22,Carroll,Tennessee,47017,2,0
2020-03-22,Cheatham,Tennessee,47021,4,0
2020-03-22,Chester,Tennessee,47023,1,0
2020-03-22,Cocke,Tennessee,47029,1,0
2020-03-22,Cumberland,Tennessee,47035,2,0
2020-03-22,Davidson,Tennessee,47037,167,2
2020-03-22,Dickson,Tennessee,47043,4,0
2020-03-22,Dyer,Tennessee,47045,2,0
2020-03-22,Fayette,Tennessee,47047,3,0
2020-03-22,Franklin,Tennessee,47051,1,0
2020-03-22,Gibson,Tennessee,47053,1,0
2020-03-22,Greene,Tennessee,47059,2,0
2020-03-22,Hamblen,Tennessee,47063,2,0
2020-03-22,Hamilton,Tennessee,47065,8,0
2020-03-22,Houston,Tennessee,47083,1,0
2020-03-22,Jefferson,Tennessee,47089,2,0
2020-03-22,Knox,Tennessee,47093,5,0
2020-03-22,Loudon,Tennessee,47105,1,0
2020-03-22,Marion,Tennessee,47115,1,0
2020-03-22,Maury,Tennessee,47119,2,0
2020-03-22,McMinn,Tennessee,47107,1,0
2020-03-22,Monroe,Tennessee,47123,3,0
2020-03-22,Montgomery,Tennessee,47125,3,0
2020-03-22,Perry,Tennessee,47135,1,0
2020-03-22,Putnam,Tennessee,47141,6,0
2020-03-22,Roane,Tennessee,47145,1,0
2020-03-22,Robertson,Tennessee,47147,3,0
2020-03-22,Rutherford,Tennessee,47149,8,0
2020-03-22,Scott,Tennessee,47151,2,0
2020-03-22,Sevier,Tennessee,47155,3,0
2020-03-22,Shelby,Tennessee,47157,66,0
2020-03-22,Sullivan,Tennessee,47163,1,0
2020-03-22,Sumner,Tennessee,47165,22,0
2020-03-22,Tipton,Tennessee,47167,5,0
2020-03-22,Unknown,Tennessee,NA,28,0
2020-03-22,Washington,Tennessee,47179,2,0
2020-03-22,Williamson,Tennessee,47187,48,0
2020-03-22,Wilson,Tennessee,47189,3,0
2020-03-23,Anderson,Tennessee,47001,1,0
2020-03-23,Blount,Tennessee,47009,1,0
2020-03-23,Bradley,Tennessee,47011,2,0
2020-03-23,Campbell,Tennessee,47013,2,0
2020-03-23,Carroll,Tennessee,47017,2,0
2020-03-23,Cheatham,Tennessee,47021,4,0
2020-03-23,Chester,Tennessee,47023,1,0
2020-03-23,Cocke,Tennessee,47029,1,0
2020-03-23,Cumberland,Tennessee,47035,2,0
2020-03-23,Davidson,Tennessee,47037,184,2
2020-03-23,Dickson,Tennessee,47043,4,0
2020-03-23,Dyer,Tennessee,47045,2,0
2020-03-23,Fayette,Tennessee,47047,3,0
2020-03-23,Franklin,Tennessee,47051,1,0
2020-03-23,Gibson,Tennessee,47053,1,0
2020-03-23,Greene,Tennessee,47059,2,0
2020-03-23,Hamblen,Tennessee,47063,2,0
2020-03-23,Hamilton,Tennessee,47065,8,0
2020-03-23,Houston,Tennessee,47083,1,0
2020-03-23,Jefferson,Tennessee,47089,2,0
2020-03-23,Knox,Tennessee,47093,5,0
2020-03-23,Loudon,Tennessee,47105,1,0
2020-03-23,Marion,Tennessee,47115,1,0
2020-03-23,Maury,Tennessee,47119,2,0
2020-03-23,McMinn,Tennessee,47107,1,0
2020-03-23,Monroe,Tennessee,47123,3,0
2020-03-23,Montgomery,Tennessee,47125,3,0
2020-03-23,Perry,Tennessee,47135,1,0
2020-03-23,Putnam,Tennessee,47141,6,0
2020-03-23,Roane,Tennessee,47145,1,0
2020-03-23,Robertson,Tennessee,47147,3,0
2020-03-23,Rutherford,Tennessee,47149,8,0
2020-03-23,Scott,Tennessee,47151,2,0
2020-03-23,Sevier,Tennessee,47155,3,0
2020-03-23,Shelby,Tennessee,47157,66,0
2020-03-23,Sullivan,Tennessee,47163,1,0
2020-03-23,Sumner,Tennessee,47165,22,0
2020-03-23,Tipton,Tennessee,47167,5,0
2020-03-23,Unknown,Tennessee,NA,109,0
2020-03-23,Washington,Tennessee,47179,2,0
2020-03-23,Williamson,Tennessee,47187,48,0
2020-03-23,Wilson,Tennessee,47189,3,0
2020-03-24,Anderson,Tennessee,47001,1,0
2020-03-24,Blount,Tennessee,47009,3,0
2020-03-24,Bradley,Tennessee,47011,2,0
2020-03-24,Campbell,Tennessee,47013,2,0
2020-03-24,Carroll,Tennessee,47017,3,0
2020-03-24,Cheatham,Tennessee,47021,5,0
2020-03-24,Chester,Tennessee,47023,1,0
2020-03-24,Claiborne,Tennessee,47025,1,0
2020-03-24,Cocke,Tennessee,47029,1,0
2020-03-24,Cumberland,Tennessee,47035,3,0
2020-03-24,Davidson,Tennessee,47037,253,2
2020-03-24,DeKalb,Tennessee,47041,1,0
2020-03-24,Dickson,Tennessee,47043,5,0
2020-03-24,Dyer,Tennessee,47045,2,0
2020-03-24,Fayette,Tennessee,47047,3,0
2020-03-24,Franklin,Tennessee,47051,1,0
2020-03-24,Gibson,Tennessee,47053,2,0
2020-03-24,Greene,Tennessee,47059,5,0
2020-03-24,Grundy,Tennessee,47061,1,0
2020-03-24,Hamblen,Tennessee,47063,2,0
2020-03-24,Hamilton,Tennessee,47065,8,0
2020-03-24,Hardin,Tennessee,47071,1,0
2020-03-24,Houston,Tennessee,47083,1,0
2020-03-24,Jefferson,Tennessee,47089,4,0
2020-03-24,Knox,Tennessee,47093,15,0
2020-03-24,Lincoln,Tennessee,47103,1,0
2020-03-24,Loudon,Tennessee,47105,2,0
2020-03-24,Madison,Tennessee,47113,1,0
2020-03-24,Marion,Tennessee,47115,1,0
2020-03-24,Maury,Tennessee,47119,6,0
2020-03-24,McMinn,Tennessee,47107,2,0
2020-03-24,Monroe,Tennessee,47123,3,0
2020-03-24,Montgomery,Tennessee,47125,6,0
2020-03-24,Overton,Tennessee,47133,1,0
2020-03-24,Perry,Tennessee,47135,1,0
2020-03-24,Putnam,Tennessee,47141,8,0
2020-03-24,Roane,Tennessee,47145,1,0
2020-03-24,Robertson,Tennessee,47147,12,0
2020-03-24,Rutherford,Tennessee,47149,13,0
2020-03-24,Scott,Tennessee,47151,2,0
2020-03-24,Sevier,Tennessee,47155,3,0
2020-03-24,Shelby,Tennessee,47157,135,0
2020-03-24,Sullivan,Tennessee,47163,2,0
2020-03-24,Sumner,Tennessee,47165,34,0
2020-03-24,Tipton,Tennessee,47167,6,0
2020-03-24,Unknown,Tennessee,NA,109,0
2020-03-24,Washington,Tennessee,47179,7,0
2020-03-24,Weakley,Tennessee,47183,1,0
2020-03-24,Williamson,Tennessee,47187,64,0
2020-03-24,Wilson,Tennessee,47189,7,0
2020-03-25,Anderson,Tennessee,47001,3,0
2020-03-25,Bedford,Tennessee,47003,1,0
2020-03-25,Blount,Tennessee,47009,3,0
2020-03-25,Bradley,Tennessee,47011,3,0
2020-03-25,Campbell,Tennessee,47013,2,0
2020-03-25,Carroll,Tennessee,47017,3,0
2020-03-25,Cheatham,Tennessee,47021,7,0
2020-03-25,Chester,Tennessee,47023,1,0
2020-03-25,Claiborne,Tennessee,47025,1,0
2020-03-25,Cocke,Tennessee,47029,1,0
2020-03-25,Cumberland,Tennessee,47035,3,0
2020-03-25,Davidson,Tennessee,47037,257,2
2020-03-25,DeKalb,Tennessee,47041,1,0
2020-03-25,Dickson,Tennessee,47043,5,0
2020-03-25,Dyer,Tennessee,47045,2,0
2020-03-25,Fayette,Tennessee,47047,3,0
2020-03-25,Franklin,Tennessee,47051,1,0
2020-03-25,Gibson,Tennessee,47053,2,0
2020-03-25,Greene,Tennessee,47059,7,0
2020-03-25,Grundy,Tennessee,47061,1,0
2020-03-25,Hamblen,Tennessee,47063,2,0
2020-03-25,Hamilton,Tennessee,47065,15,0
2020-03-25,Hardin,Tennessee,47071,1,0
2020-03-25,Hawkins,Tennessee,47073,1,0
2020-03-25,Houston,Tennessee,47083,3,0
2020-03-25,Jefferson,Tennessee,47089,4,0
2020-03-25,Knox,Tennessee,47093,20,0
2020-03-25,Lewis,Tennessee,47101,1,0
2020-03-25,Lincoln,Tennessee,47103,1,0
2020-03-25,Loudon,Tennessee,47105,3,0
2020-03-25,Madison,Tennessee,47113,2,0
2020-03-25,Marion,Tennessee,47115,1,0
2020-03-25,Maury,Tennessee,47119,7,0
2020-03-25,McMinn,Tennessee,47107,2,0
2020-03-25,Monroe,Tennessee,47123,3,0
2020-03-25,Montgomery,Tennessee,47125,6,0
2020-03-25,Overton,Tennessee,47133,1,0
2020-03-25,Perry,Tennessee,47135,1,0
2020-03-25,Putnam,Tennessee,47141,9,0
2020-03-25,Roane,Tennessee,47145,1,0
2020-03-25,Robertson,Tennessee,47147,15,0
2020-03-25,Rutherford,Tennessee,47149,19,0
2020-03-25,Scott,Tennessee,47151,2,0
2020-03-25,Sevier,Tennessee,47155,3,0
2020-03-25,Shelby,Tennessee,47157,170,0
2020-03-25,Sullivan,Tennessee,47163,2,0
2020-03-25,Sumner,Tennessee,47165,36,0
2020-03-25,Tipton,Tennessee,47167,6,0
2020-03-25,Unknown,Tennessee,NA,109,1
2020-03-25,Washington,Tennessee,47179,7,0
2020-03-25,White,Tennessee,47185,1,0
2020-03-25,Williamson,Tennessee,47187,66,0
2020-03-25,Wilson,Tennessee,47189,10,0
2020-03-26,Anderson,Tennessee,47001,3,0
2020-03-26,Bedford,Tennessee,47003,1,0
2020-03-26,Benton,Tennessee,47005,1,0
2020-03-26,Blount,Tennessee,47009,4,0
2020-03-26,Bradley,Tennessee,47011,5,0
2020-03-26,Campbell,Tennessee,47013,2,0
2020-03-26,Cannon,Tennessee,47015,1,0
2020-03-26,Carroll,Tennessee,47017,3,0
2020-03-26,Cheatham,Tennessee,47021,7,0
2020-03-26,Chester,Tennessee,47023,2,0
2020-03-26,Claiborne,Tennessee,47025,2,0
2020-03-26,Cocke,Tennessee,47029,1,0
2020-03-26,Cumberland,Tennessee,47035,6,0
2020-03-26,Davidson,Tennessee,47037,293,2
2020-03-26,DeKalb,Tennessee,47041,2,0
2020-03-26,Dickson,Tennessee,47043,7,0
2020-03-26,Dyer,Tennessee,47045,3,0
2020-03-26,Fayette,Tennessee,47047,3,0
2020-03-26,Franklin,Tennessee,47051,3,0
2020-03-26,Gibson,Tennessee,47053,2,0
2020-03-26,Greene,Tennessee,47059,8,0
2020-03-26,Grundy,Tennessee,47061,1,0
2020-03-26,Hamblen,Tennessee,47063,2,0
2020-03-26,Hamilton,Tennessee,47065,28,0
2020-03-26,Hardin,Tennessee,47071,1,0
2020-03-26,Hawkins,Tennessee,47073,1,0
2020-03-26,Houston,Tennessee,47083,2,0
2020-03-26,Jefferson,Tennessee,47089,4,0
2020-03-26,Knox,Tennessee,47093,26,0
2020-03-26,Lewis,Tennessee,47101,2,0
2020-03-26,Lincoln,Tennessee,47103,1,0
2020-03-26,Loudon,Tennessee,47105,6,0
2020-03-26,Macon,Tennessee,47111,1,0
2020-03-26,Madison,Tennessee,47113,2,0
2020-03-26,Marion,Tennessee,47115,2,0
2020-03-26,Maury,Tennessee,47119,7,0
2020-03-26,McMinn,Tennessee,47107,3,0
2020-03-26,Meigs,Tennessee,47121,1,0
2020-03-26,Monroe,Tennessee,47123,3,0
2020-03-26,Montgomery,Tennessee,47125,6,0
2020-03-26,Overton,Tennessee,47133,1,0
2020-03-26,Perry,Tennessee,47135,1,0
2020-03-26,Putnam,Tennessee,47141,11,0
2020-03-26,Roane,Tennessee,47145,1,0
2020-03-26,Robertson,Tennessee,47147,20,0
2020-03-26,Rutherford,Tennessee,47149,27,0
2020-03-26,Scott,Tennessee,47151,2,0
2020-03-26,Sevier,Tennessee,47155,3,0
2020-03-26,Shelby,Tennessee,47157,198,0
2020-03-26,Sullivan,Tennessee,47163,4,0
2020-03-26,Sumner,Tennessee,47165,43,0
2020-03-26,Tipton,Tennessee,47167,8,0
2020-03-26,Unicoi,Tennessee,47171,1,0
2020-03-26,Unknown,Tennessee,NA,112,1
2020-03-26,Washington,Tennessee,47179,9,0
2020-03-26,White,Tennessee,47185,1,0
2020-03-26,Williamson,Tennessee,47187,70,0
2020-03-26,Wilson,Tennessee,47189,13,0
2020-03-27,Anderson,Tennessee,47001,4,0
2020-03-27,Bedford,Tennessee,47003,1,0
2020-03-27,Benton,Tennessee,47005,2,0
2020-03-27,Blount,Tennessee,47009,6,0
2020-03-27,Bradley,Tennessee,47011,6,0
2020-03-27,Campbell,Tennessee,47013,4,0
2020-03-27,Cannon,Tennessee,47015,2,0
2020-03-27,Carroll,Tennessee,47017,4,0
2020-03-27,Cheatham,Tennessee,47021,7,0
2020-03-27,Chester,Tennessee,47023,2,0
2020-03-27,Claiborne,Tennessee,47025,2,0
2020-03-27,Cocke,Tennessee,47029,1,0
2020-03-27,Cumberland,Tennessee,47035,6,0
2020-03-27,Davidson,Tennessee,47037,312,2
2020-03-27,DeKalb,Tennessee,47041,3,0
2020-03-27,Dickson,Tennessee,47043,9,0
2020-03-27,Dyer,Tennessee,47045,3,0
2020-03-27,Fayette,Tennessee,47047,3,0
2020-03-27,Franklin,Tennessee,47051,3,0
2020-03-27,Gibson,Tennessee,47053,2,0
2020-03-27,Greene,Tennessee,47059,8,0
2020-03-27,Grundy,Tennessee,47061,1,0
2020-03-27,Hamblen,Tennessee,47063,2,0
2020-03-27,Hamilton,Tennessee,47065,30,0
2020-03-27,Hardin,Tennessee,47071,1,0
2020-03-27,Hawkins,Tennessee,47073,2,0
2020-03-27,Houston,Tennessee,47083,2,0
2020-03-27,Jefferson,Tennessee,47089,5,0
2020-03-27,Knox,Tennessee,47093,31,0
2020-03-27,Lewis,Tennessee,47101,2,0
2020-03-27,Lincoln,Tennessee,47103,1,0
2020-03-27,Loudon,Tennessee,47105,6,0
2020-03-27,Macon,Tennessee,47111,1,0
2020-03-27,Madison,Tennessee,47113,3,0
2020-03-27,Marion,Tennessee,47115,2,0
2020-03-27,Maury,Tennessee,47119,7,0
2020-03-27,McMinn,Tennessee,47107,3,0
2020-03-27,Meigs,Tennessee,47121,1,0
2020-03-27,Monroe,Tennessee,47123,3,0
2020-03-27,Montgomery,Tennessee,47125,9,0
2020-03-27,Overton,Tennessee,47133,1,0
2020-03-27,Perry,Tennessee,47135,2,0
2020-03-27,Putnam,Tennessee,47141,13,0
2020-03-27,Roane,Tennessee,47145,1,0
2020-03-27,Robertson,Tennessee,47147,22,0
2020-03-27,Rutherford,Tennessee,47149,39,0
2020-03-27,Scott,Tennessee,47151,2,0
2020-03-27,Sevier,Tennessee,47155,6,0
2020-03-27,Shelby,Tennessee,47157,223,0
2020-03-27,Smith,Tennessee,47159,1,0
2020-03-27,Sullivan,Tennessee,47163,6,0
2020-03-27,Sumner,Tennessee,47165,58,0
2020-03-27,Tipton,Tennessee,47167,10,0
2020-03-27,Unicoi,Tennessee,47171,1,0
2020-03-27,Unknown,Tennessee,NA,172,4
2020-03-27,Washington,Tennessee,47179,10,0
2020-03-27,White,Tennessee,47185,1,0
2020-03-27,Williamson,Tennessee,47187,91,0
2020-03-27,Wilson,Tennessee,47189,20,0
2020-03-28,Anderson,Tennessee,47001,5,0
2020-03-28,Bedford,Tennessee,47003,1,0
2020-03-28,Benton,Tennessee,47005,3,0
2020-03-28,Bledsoe,Tennessee,47007,2,0
2020-03-28,Blount,Tennessee,47009,9,0
2020-03-28,Bradley,Tennessee,47011,5,0
2020-03-28,Campbell,Tennessee,47013,4,0
2020-03-28,Cannon,Tennessee,47015,3,0
2020-03-28,Carroll,Tennessee,47017,4,0
2020-03-28,Carter,Tennessee,47019,1,0
2020-03-28,Cheatham,Tennessee,47021,7,0
2020-03-28,Chester,Tennessee,47023,2,0
2020-03-28,Claiborne,Tennessee,47025,2,0
2020-03-28,Cocke,Tennessee,47029,1,0
2020-03-28,Cumberland,Tennessee,47035,6,0
2020-03-28,Davidson,Tennessee,47037,376,2
2020-03-28,DeKalb,Tennessee,47041,3,0
2020-03-28,Decatur,Tennessee,47039,1,0
2020-03-28,Dickson,Tennessee,47043,11,0
2020-03-28,Dyer,Tennessee,47045,3,0
2020-03-28,Fayette,Tennessee,47047,4,0
2020-03-28,Franklin,Tennessee,47051,3,0
2020-03-28,Gibson,Tennessee,47053,2,0
2020-03-28,Greene,Tennessee,47059,8,0
2020-03-28,Grundy,Tennessee,47061,2,0
2020-03-28,Hamblen,Tennessee,47063,2,0
2020-03-28,Hamilton,Tennessee,47065,35,0
2020-03-28,Hardeman,Tennessee,47069,1,0
2020-03-28,Hardin,Tennessee,47071,1,0
2020-03-28,Hawkins,Tennessee,47073,2,0
2020-03-28,Houston,Tennessee,47083,2,0
2020-03-28,Jefferson,Tennessee,47089,5,0
2020-03-28,Johnson,Tennessee,47091,1,0
2020-03-28,Knox,Tennessee,47093,33,0
2020-03-28,Lewis,Tennessee,47101,2,0
2020-03-28,Lincoln,Tennessee,47103,1,0
2020-03-28,Loudon,Tennessee,47105,6,0
2020-03-28,Macon,Tennessee,47111,2,0
2020-03-28,Madison,Tennessee,47113,3,0
2020-03-28,Marion,Tennessee,47115,4,0
2020-03-28,Maury,Tennessee,47119,8,0
2020-03-28,McMinn,Tennessee,47107,3,0
2020-03-28,Meigs,Tennessee,47121,1,0
2020-03-28,Monroe,Tennessee,47123,3,0
2020-03-28,Montgomery,Tennessee,47125,11,0
2020-03-28,Morgan,Tennessee,47129,1,0
2020-03-28,Overton,Tennessee,47133,2,0
2020-03-28,Perry,Tennessee,47135,2,0
2020-03-28,Putnam,Tennessee,47141,17,0
2020-03-28,Roane,Tennessee,47145,1,0
2020-03-28,Robertson,Tennessee,47147,23,0
2020-03-28,Rutherford,Tennessee,47149,46,0
2020-03-28,Scott,Tennessee,47151,2,0
2020-03-28,Sevier,Tennessee,47155,6,0
2020-03-28,Shelby,Tennessee,47157,275,0
2020-03-28,Smith,Tennessee,47159,1,0
2020-03-28,Sullivan,Tennessee,47163,6,0
2020-03-28,Sumner,Tennessee,47165,82,0
2020-03-28,Tipton,Tennessee,47167,11,0
2020-03-28,Trousdale,Tennessee,47169,1,0
2020-03-28,Unicoi,Tennessee,47171,1,0
2020-03-28,Union,Tennessee,47173,1,0
2020-03-28,Unknown,Tennessee,NA,161,4
2020-03-28,Washington,Tennessee,47179,14,0
2020-03-28,Weakley,Tennessee,47183,1,0
2020-03-28,White,Tennessee,47185,1,0
2020-03-28,Williamson,Tennessee,47187,95,0
2020-03-28,Wilson,Tennessee,47189,20,0
2020-03-29,Anderson,Tennessee,47001,6,0
2020-03-29,Bedford,Tennessee,47003,1,0
2020-03-29,Benton,Tennessee,47005,3,0
2020-03-29,Bledsoe,Tennessee,47007,2,0
2020-03-29,Blount,Tennessee,47009,9,0
2020-03-29,Bradley,Tennessee,47011,8,0
2020-03-29,Campbell,Tennessee,47013,4,0
2020-03-29,Cannon,Tennessee,47015,2,0
2020-03-29,Carroll,Tennessee,47017,5,0
2020-03-29,Carter,Tennessee,47019,1,0
2020-03-29,Cheatham,Tennessee,47021,8,0
2020-03-29,Chester,Tennessee,47023,2,0
2020-03-29,Claiborne,Tennessee,47025,2,0
2020-03-29,Cocke,Tennessee,47029,1,0
2020-03-29,Coffee,Tennessee,47031,1,0
2020-03-29,Cumberland,Tennessee,47035,9,0
2020-03-29,Davidson,Tennessee,47037,394,2
2020-03-29,DeKalb,Tennessee,47041,3,0
2020-03-29,Decatur,Tennessee,47039,1,0
2020-03-29,Dickson,Tennessee,47043,11,0
2020-03-29,Dyer,Tennessee,47045,3,0
2020-03-29,Fayette,Tennessee,47047,10,0
2020-03-29,Franklin,Tennessee,47051,6,0
2020-03-29,Gibson,Tennessee,47053,3,0
2020-03-29,Greene,Tennessee,47059,9,0
2020-03-29,Grundy,Tennessee,47061,2,0
2020-03-29,Hamblen,Tennessee,47063,2,0
2020-03-29,Hamilton,Tennessee,47065,35,0
2020-03-29,Hardeman,Tennessee,47069,1,0
2020-03-29,Hardin,Tennessee,47071,1,0
2020-03-29,Hawkins,Tennessee,47073,2,0
2020-03-29,Haywood,Tennessee,47075,2,0
2020-03-29,Henry,Tennessee,47079,1,0
2020-03-29,Houston,Tennessee,47083,2,0
2020-03-29,Jefferson,Tennessee,47089,5,0
2020-03-29,Johnson,Tennessee,47091,2,0
2020-03-29,Knox,Tennessee,47093,38,0
2020-03-29,Lewis,Tennessee,47101,2,0
2020-03-29,Lincoln,Tennessee,47103,1,0
2020-03-29,Loudon,Tennessee,47105,8,0
2020-03-29,Macon,Tennessee,47111,3,0
2020-03-29,Madison,Tennessee,47113,3,0
2020-03-29,Marion,Tennessee,47115,5,0
2020-03-29,Maury,Tennessee,47119,8,0
2020-03-29,McMinn,Tennessee,47107,3,0
2020-03-29,McNairy,Tennessee,47109,1,0
2020-03-29,Meigs,Tennessee,47121,1,0
2020-03-29,Monroe,Tennessee,47123,3,0
2020-03-29,Montgomery,Tennessee,47125,13,0
2020-03-29,Morgan,Tennessee,47129,1,0
2020-03-29,Obion,Tennessee,47131,1,0
2020-03-29,Overton,Tennessee,47133,2,0
2020-03-29,Perry,Tennessee,47135,2,0
2020-03-29,Putnam,Tennessee,47141,17,0
2020-03-29,Roane,Tennessee,47145,2,0
2020-03-29,Robertson,Tennessee,47147,25,0
2020-03-29,Rutherford,Tennessee,47149,48,0
2020-03-29,Scott,Tennessee,47151,2,0
2020-03-29,Sevier,Tennessee,47155,6,0
2020-03-29,Shelby,Tennessee,47157,362,1
2020-03-29,Smith,Tennessee,47159,1,0
2020-03-29,Sullivan,Tennessee,47163,8,0
2020-03-29,Sumner,Tennessee,47165,93,0
2020-03-29,Tipton,Tennessee,47167,15,0
2020-03-29,Trousdale,Tennessee,47169,1,0
2020-03-29,Unicoi,Tennessee,47171,1,0
2020-03-29,Union,Tennessee,47173,1,0
2020-03-29,Unknown,Tennessee,NA,190,4
2020-03-29,Washington,Tennessee,47179,14,0
2020-03-29,Weakley,Tennessee,47183,1,0
2020-03-29,White,Tennessee,47185,1,0
2020-03-29,Williamson,Tennessee,47187,101,0
2020-03-29,Wilson,Tennessee,47189,27,0
2020-03-30,Anderson,Tennessee,47001,9,0
2020-03-30,Bedford,Tennessee,47003,1,0
2020-03-30,Benton,Tennessee,47005,3,0
2020-03-30,Bledsoe,Tennessee,47007,2,0
2020-03-30,Blount,Tennessee,47009,10,0
2020-03-30,Bradley,Tennessee,47011,9,0
2020-03-30,Campbell,Tennessee,47013,4,0
2020-03-30,Cannon,Tennessee,47015,2,0
2020-03-30,Carroll,Tennessee,47017,5,0
2020-03-30,Carter,Tennessee,47019,1,0
2020-03-30,Cheatham,Tennessee,47021,8,0
2020-03-30,Chester,Tennessee,47023,3,0
2020-03-30,Claiborne,Tennessee,47025,2,0
2020-03-30,Cocke,Tennessee,47029,1,0
2020-03-30,Coffee,Tennessee,47031,1,0
2020-03-30,Cumberland,Tennessee,47035,11,0
2020-03-30,Davidson,Tennessee,47037,443,3
2020-03-30,DeKalb,Tennessee,47041,4,0
2020-03-30,Dickson,Tennessee,47043,12,0
2020-03-30,Dyer,Tennessee,47045,3,0
2020-03-30,Fayette,Tennessee,47047,10,0
2020-03-30,Fentress,Tennessee,47049,1,0
2020-03-30,Franklin,Tennessee,47051,5,0
2020-03-30,Gibson,Tennessee,47053,5,0
2020-03-30,Giles,Tennessee,47055,1,0
2020-03-30,Greene,Tennessee,47059,12,0
2020-03-30,Grundy,Tennessee,47061,2,0
2020-03-30,Hamblen,Tennessee,47063,2,0
2020-03-30,Hamilton,Tennessee,47065,40,0
2020-03-30,Hardeman,Tennessee,47069,1,0
2020-03-30,Hardin,Tennessee,47071,1,0
2020-03-30,Hawkins,Tennessee,47073,4,0
2020-03-30,Haywood,Tennessee,47075,2,0
2020-03-30,Henry,Tennessee,47079,1,0
2020-03-30,Houston,Tennessee,47083,1,0
2020-03-30,Jefferson,Tennessee,47089,5,0
2020-03-30,Johnson,Tennessee,47091,2,0
2020-03-30,Knox,Tennessee,47093,52,0
2020-03-30,Lawrence,Tennessee,47099,2,0
2020-03-30,Lewis,Tennessee,47101,2,0
2020-03-30,Lincoln,Tennessee,47103,1,0
2020-03-30,Loudon,Tennessee,47105,8,0
2020-03-30,Macon,Tennessee,47111,3,0
2020-03-30,Madison,Tennessee,47113,5,0
2020-03-30,Marion,Tennessee,47115,6,0
2020-03-30,Marshall,Tennessee,47117,1,0
2020-03-30,Maury,Tennessee,47119,11,0
2020-03-30,McMinn,Tennessee,47107,3,0
2020-03-30,McNairy,Tennessee,47109,1,0
2020-03-30,Meigs,Tennessee,47121,1,0
2020-03-30,Monroe,Tennessee,47123,3,0
2020-03-30,Montgomery,Tennessee,47125,13,0
2020-03-30,Morgan,Tennessee,47129,1,0
2020-03-30,Obion,Tennessee,47131,1,0
2020-03-30,Overton,Tennessee,47133,2,0
2020-03-30,Perry,Tennessee,47135,2,0
2020-03-30,Putnam,Tennessee,47141,24,0
2020-03-30,Roane,Tennessee,47145,2,0
2020-03-30,Robertson,Tennessee,47147,27,0
2020-03-30,Rutherford,Tennessee,47149,57,0
2020-03-30,Scott,Tennessee,47151,2,0
2020-03-30,Sevier,Tennessee,47155,7,0
2020-03-30,Shelby,Tennessee,47157,396,1
2020-03-30,Smith,Tennessee,47159,1,0
2020-03-30,Sullivan,Tennessee,47163,11,0
2020-03-30,Sumner,Tennessee,47165,164,0
2020-03-30,Tipton,Tennessee,47167,16,0
2020-03-30,Trousdale,Tennessee,47169,3,0
2020-03-30,Unicoi,Tennessee,47171,1,0
2020-03-30,Union,Tennessee,47173,1,0
2020-03-30,Unknown,Tennessee,NA,101,9
2020-03-30,Warren,Tennessee,47177,1,0
2020-03-30,Washington,Tennessee,47179,14,0
2020-03-30,Wayne,Tennessee,47181,1,0
2020-03-30,Weakley,Tennessee,47183,1,0
2020-03-30,White,Tennessee,47185,1,0
2020-03-30,Williamson,Tennessee,47187,111,0
2020-03-30,Wilson,Tennessee,47189,32,0
2020-03-31,Anderson,Tennessee,47001,10,0
2020-03-31,Bedford,Tennessee,47003,2,0
2020-03-31,Benton,Tennessee,47005,4,0
2020-03-31,Bledsoe,Tennessee,47007,2,0
2020-03-31,Blount,Tennessee,47009,25,0
2020-03-31,Bradley,Tennessee,47011,10,0
2020-03-31,Campbell,Tennessee,47013,4,0
2020-03-31,Cannon,Tennessee,47015,3,0
2020-03-31,Carroll,Tennessee,47017,5,0
2020-03-31,Carter,Tennessee,47019,1,0
2020-03-31,Cheatham,Tennessee,47021,10,0
2020-03-31,Chester,Tennessee,47023,3,0
2020-03-31,Claiborne,Tennessee,47025,2,0
2020-03-31,Cocke,Tennessee,47029,1,0
2020-03-31,Coffee,Tennessee,47031,1,0
2020-03-31,Cumberland,Tennessee,47035,11,0
2020-03-31,Davidson,Tennessee,47037,541,3
2020-03-31,DeKalb,Tennessee,47041,4,0
2020-03-31,Dickson,Tennessee,47043,17,0
2020-03-31,Dyer,Tennessee,47045,3,0
2020-03-31,Fayette,Tennessee,47047,12,0
2020-03-31,Fentress,Tennessee,47049,1,0
2020-03-31,Franklin,Tennessee,47051,5,0
2020-03-31,Gibson,Tennessee,47053,6,0
2020-03-31,Giles,Tennessee,47055,3,0
2020-03-31,Greene,Tennessee,47059,12,0
2020-03-31,Grundy,Tennessee,47061,4,0
2020-03-31,Hamblen,Tennessee,47063,2,0
2020-03-31,Hamilton,Tennessee,47065,48,0
2020-03-31,Hardeman,Tennessee,47069,1,0
2020-03-31,Hardin,Tennessee,47071,1,0
2020-03-31,Hawkins,Tennessee,47073,4,0
2020-03-31,Haywood,Tennessee,47075,2,0
2020-03-31,Henry,Tennessee,47079,1,0
2020-03-31,Houston,Tennessee,47083,1,0
2020-03-31,Humphreys,Tennessee,47085,2,0
2020-03-31,Jefferson,Tennessee,47089,6,0
2020-03-31,Johnson,Tennessee,47091,2,0
2020-03-31,Knox,Tennessee,47093,66,1
2020-03-31,Lawrence,Tennessee,47099,2,0
2020-03-31,Lewis,Tennessee,47101,2,0
2020-03-31,Lincoln,Tennessee,47103,1,0
2020-03-31,Loudon,Tennessee,47105,8,0
2020-03-31,Macon,Tennessee,47111,4,0
2020-03-31,Madison,Tennessee,47113,5,0
2020-03-31,Marion,Tennessee,47115,6,0
2020-03-31,Marshall,Tennessee,47117,1,0
2020-03-31,Maury,Tennessee,47119,15,0
2020-03-31,McMinn,Tennessee,47107,3,0
2020-03-31,McNairy,Tennessee,47109,1,0
2020-03-31,Meigs,Tennessee,47121,1,0
2020-03-31,Monroe,Tennessee,47123,5,0
2020-03-31,Montgomery,Tennessee,47125,19,0
2020-03-31,Morgan,Tennessee,47129,1,0
2020-03-31,Obion,Tennessee,47131,1,0
2020-03-31,Overton,Tennessee,47133,2,0
2020-03-31,Perry,Tennessee,47135,2,0
2020-03-31,Putnam,Tennessee,47141,24,0
2020-03-31,Roane,Tennessee,47145,2,0
2020-03-31,Robertson,Tennessee,47147,27,0
2020-03-31,Rutherford,Tennessee,47149,57,0
2020-03-31,Scott,Tennessee,47151,2,0
2020-03-31,Sevier,Tennessee,47155,7,0
2020-03-31,Shelby,Tennessee,47157,396,1
2020-03-31,Smith,Tennessee,47159,1,0
2020-03-31,Sullivan,Tennessee,47163,11,0
2020-03-31,Sumner,Tennessee,47165,164,0
2020-03-31,Tipton,Tennessee,47167,16,0
2020-03-31,Trousdale,Tennessee,47169,3,0
2020-03-31,Unicoi,Tennessee,47171,1,0
2020-03-31,Union,Tennessee,47173,1,0
2020-03-31,Unknown,Tennessee,NA,109,9
2020-03-31,Warren,Tennessee,47177,1,0
2020-03-31,Washington,Tennessee,47179,14,0
2020-03-31,Wayne,Tennessee,47181,1,0
2020-03-31,Weakley,Tennessee,47183,1,0
2020-03-31,White,Tennessee,47185,1,0
2020-03-31,Williamson,Tennessee,47187,111,0
2020-03-31,Wilson,Tennessee,47189,32,0
2020-04-01,Anderson,Tennessee,47001,10,0
2020-04-01,Bedford,Tennessee,47003,4,0
2020-04-01,Benton,Tennessee,47005,4,0
2020-04-01,Bledsoe,Tennessee,47007,2,0
2020-04-01,Blount,Tennessee,47009,28,0
2020-04-01,Bradley,Tennessee,47011,14,0
2020-04-01,Campbell,Tennessee,47013,4,0
2020-04-01,Cannon,Tennessee,47015,3,0
2020-04-01,Carroll,Tennessee,47017,5,0
2020-04-01,Carter,Tennessee,47019,1,0
2020-04-01,Cheatham,Tennessee,47021,11,0
2020-04-01,Chester,Tennessee,47023,3,0
2020-04-01,Claiborne,Tennessee,47025,2,0
2020-04-01,Clay,Tennessee,47027,1,0
2020-04-01,Cocke,Tennessee,47029,1,0
2020-04-01,Coffee,Tennessee,47031,1,0
2020-04-01,Cumberland,Tennessee,47035,14,0
2020-04-01,Davidson,Tennessee,47037,673,4
2020-04-01,DeKalb,Tennessee,47041,5,0
2020-04-01,Dickson,Tennessee,47043,18,0
2020-04-01,Dyer,Tennessee,47045,3,0
2020-04-01,Fayette,Tennessee,47047,14,0
2020-04-01,Fentress,Tennessee,47049,1,0
2020-04-01,Franklin,Tennessee,47051,7,0
2020-04-01,Gibson,Tennessee,47053,6,0
2020-04-01,Giles,Tennessee,47055,3,0
2020-04-01,Grainger,Tennessee,47057,3,0
2020-04-01,Greene,Tennessee,47059,15,1
2020-04-01,Grundy,Tennessee,47061,6,0
2020-04-01,Hamblen,Tennessee,47063,3,0
2020-04-01,Hamilton,Tennessee,47065,50,2
2020-04-01,Hardeman,Tennessee,47069,4,0
2020-04-01,Hardin,Tennessee,47071,2,0
2020-04-01,Hawkins,Tennessee,47073,5,0
2020-04-01,Haywood,Tennessee,47075,2,0
2020-04-01,Henry,Tennessee,47079,1,0
2020-04-01,Hickman,Tennessee,47081,1,0
2020-04-01,Houston,Tennessee,47083,1,0
2020-04-01,Humphreys,Tennessee,47085,2,0
2020-04-01,Jefferson,Tennessee,47089,6,0
2020-04-01,Johnson,Tennessee,47091,2,0
2020-04-01,Knox,Tennessee,47093,78,1
2020-04-01,Lauderdale,Tennessee,47097,1,0
2020-04-01,Lawrence,Tennessee,47099,2,0
2020-04-01,Lewis,Tennessee,47101,2,0
2020-04-01,Lincoln,Tennessee,47103,2,0
2020-04-01,Loudon,Tennessee,47105,8,0
2020-04-01,Macon,Tennessee,47111,4,0
2020-04-01,Madison,Tennessee,47113,7,0
2020-04-01,Marion,Tennessee,47115,8,1
2020-04-01,Marshall,Tennessee,47117,1,0
2020-04-01,Maury,Tennessee,47119,17,0
2020-04-01,McMinn,Tennessee,47107,3,0
2020-04-01,McNairy,Tennessee,47109,1,0
2020-04-01,Meigs,Tennessee,47121,1,0
2020-04-01,Monroe,Tennessee,47123,5,0
2020-04-01,Montgomery,Tennessee,47125,27,0
2020-04-01,Morgan,Tennessee,47129,1,0
2020-04-01,Obion,Tennessee,47131,2,0
2020-04-01,Overton,Tennessee,47133,2,0
2020-04-01,Perry,Tennessee,47135,2,0
2020-04-01,Putnam,Tennessee,47141,31,0
2020-04-01,Rhea,Tennessee,47143,1,0
2020-04-01,Roane,Tennessee,47145,2,0
2020-04-01,Robertson,Tennessee,47147,35,0
2020-04-01,Rutherford,Tennessee,47149,86,1
2020-04-01,Scott,Tennessee,47151,3,0
2020-04-01,Sequatchie,Tennessee,47153,1,0
2020-04-01,Sevier,Tennessee,47155,9,0
2020-04-01,Shelby,Tennessee,47157,496,3
2020-04-01,Smith,Tennessee,47159,3,0
2020-04-01,Sullivan,Tennessee,47163,17,0
2020-04-01,Sumner,Tennessee,47165,201,7
2020-04-01,Tipton,Tennessee,47167,22,0
2020-04-01,Trousdale,Tennessee,47169,5,1
2020-04-01,Unicoi,Tennessee,47171,1,0
2020-04-01,Union,Tennessee,47173,1,0
2020-04-01,Unknown,Tennessee,NA,442,17
2020-04-01,Warren,Tennessee,47177,1,0
2020-04-01,Washington,Tennessee,47179,21,0
2020-04-01,Wayne,Tennessee,47181,1,0
2020-04-01,Weakley,Tennessee,47183,1,0
2020-04-01,White,Tennessee,47185,2,0
2020-04-01,Williamson,Tennessee,47187,148,2
2020-04-01,Wilson,Tennessee,47189,45,0
2020-04-02,Anderson,Tennessee,47001,10,0
2020-04-02,Bedford,Tennessee,47003,6,0
2020-04-02,Benton,Tennessee,47005,4,0
2020-04-02,Bledsoe,Tennessee,47007,2,0
2020-04-02,Blount,Tennessee,47009,32,0
2020-04-02,Bradley,Tennessee,47011,18,0
2020-04-02,Campbell,Tennessee,47013,4,0
2020-04-02,Cannon,Tennessee,47015,4,0
2020-04-02,Carroll,Tennessee,47017,5,0
2020-04-02,Carter,Tennessee,47019,1,0
2020-04-02,Cheatham,Tennessee,47021,11,0
2020-04-02,Chester,Tennessee,47023,3,0
2020-04-02,Claiborne,Tennessee,47025,2,0
2020-04-02,Clay,Tennessee,47027,1,0
2020-04-02,Cocke,Tennessee,47029,1,0
2020-04-02,Coffee,Tennessee,47031,3,0
2020-04-02,Cumberland,Tennessee,47035,16,0
2020-04-02,Davidson,Tennessee,47037,785,5
2020-04-02,DeKalb,Tennessee,47041,5,0
2020-04-02,Dickson,Tennessee,47043,20,0
2020-04-02,Dyer,Tennessee,47045,5,0
2020-04-02,Fayette,Tennessee,47047,14,0
2020-04-02,Fentress,Tennessee,47049,1,0
2020-04-02,Franklin,Tennessee,47051,8,0
2020-04-02,Gibson,Tennessee,47053,6,0
2020-04-02,Giles,Tennessee,47055,3,0
2020-04-02,Grainger,Tennessee,47057,3,0
2020-04-02,Greene,Tennessee,47059,16,1
2020-04-02,Grundy,Tennessee,47061,8,0
2020-04-02,Hamblen,Tennessee,47063,3,0
2020-04-02,Hamilton,Tennessee,47065,61,3
2020-04-02,Hardeman,Tennessee,47069,4,0
2020-04-02,Hardin,Tennessee,47071,2,0
2020-04-02,Hawkins,Tennessee,47073,7,0
2020-04-02,Haywood,Tennessee,47075,2,0
2020-04-02,Henry,Tennessee,47079,4,0
2020-04-02,Hickman,Tennessee,47081,1,0
2020-04-02,Houston,Tennessee,47083,1,0
2020-04-02,Humphreys,Tennessee,47085,2,0
2020-04-02,Jackson,Tennessee,47087,2,0
2020-04-02,Jefferson,Tennessee,47089,6,0
2020-04-02,Johnson,Tennessee,47091,2,0
2020-04-02,Knox,Tennessee,47093,92,1
2020-04-02,Lauderdale,Tennessee,47097,2,0
2020-04-02,Lawrence,Tennessee,47099,2,0
2020-04-02,Lewis,Tennessee,47101,2,0
2020-04-02,Lincoln,Tennessee,47103,2,0
2020-04-02,Loudon,Tennessee,47105,9,0
2020-04-02,Macon,Tennessee,47111,5,0
2020-04-02,Madison,Tennessee,47113,13,0
2020-04-02,Marion,Tennessee,47115,13,1
2020-04-02,Marshall,Tennessee,47117,2,0
2020-04-02,Maury,Tennessee,47119,18,0
2020-04-02,McMinn,Tennessee,47107,3,0
2020-04-02,McNairy,Tennessee,47109,3,0
2020-04-02,Meigs,Tennessee,47121,2,0
2020-04-02,Monroe,Tennessee,47123,5,0
2020-04-02,Montgomery,Tennessee,47125,37,0
2020-04-02,Morgan,Tennessee,47129,1,0
2020-04-02,Obion,Tennessee,47131,2,1
2020-04-02,Overton,Tennessee,47133,2,0
2020-04-02,Perry,Tennessee,47135,2,0
2020-04-02,Polk,Tennessee,47139,1,0
2020-04-02,Putnam,Tennessee,47141,37,0
2020-04-02,Rhea,Tennessee,47143,1,0
2020-04-02,Roane,Tennessee,47145,3,0
2020-04-02,Robertson,Tennessee,47147,41,0
2020-04-02,Rutherford,Tennessee,47149,113,1
2020-04-02,Scott,Tennessee,47151,3,0
2020-04-02,Sequatchie,Tennessee,47153,2,0
2020-04-02,Sevier,Tennessee,47155,10,0
2020-04-02,Shelby,Tennessee,47157,638,7
2020-04-02,Smith,Tennessee,47159,3,0
2020-04-02,Sullivan,Tennessee,47163,17,1
2020-04-02,Sumner,Tennessee,47165,268,7
2020-04-02,Tipton,Tennessee,47167,24,0
2020-04-02,Trousdale,Tennessee,47169,6,1
2020-04-02,Unicoi,Tennessee,47171,1,0
2020-04-02,Union,Tennessee,47173,1,0
2020-04-02,Unknown,Tennessee,NA,103,0
2020-04-02,Warren,Tennessee,47177,1,0
2020-04-02,Washington,Tennessee,47179,21,0
2020-04-02,Wayne,Tennessee,47181,2,0
2020-04-02,Weakley,Tennessee,47183,1,0
2020-04-02,White,Tennessee,47185,2,0
2020-04-02,Williamson,Tennessee,47187,199,3
2020-04-02,Wilson,Tennessee,47189,62,0
2020-04-03,Anderson,Tennessee,47001,10,0
2020-04-03,Bedford,Tennessee,47003,6,0
2020-04-03,Benton,Tennessee,47005,4,0
2020-04-03,Bledsoe,Tennessee,47007,2,0
2020-04-03,Blount,Tennessee,47009,33,0
2020-04-03,Bradley,Tennessee,47011,21,0
2020-04-03,Campbell,Tennessee,47013,4,0
2020-04-03,Cannon,Tennessee,47015,4,0
2020-04-03,Carroll,Tennessee,47017,6,0
2020-04-03,Carter,Tennessee,47019,3,0
2020-04-03,Cheatham,Tennessee,47021,11,0
2020-04-03,Chester,Tennessee,47023,5,0
2020-04-03,Claiborne,Tennessee,47025,2,0
2020-04-03,Clay,Tennessee,47027,1,0
2020-04-03,Cocke,Tennessee,47029,1,0
2020-04-03,Coffee,Tennessee,47031,3,0
2020-04-03,Cumberland,Tennessee,47035,22,0
2020-04-03,Davidson,Tennessee,47037,808,6
2020-04-03,DeKalb,Tennessee,47041,5,0
2020-04-03,Dickson,Tennessee,47043,21,0
2020-04-03,Dyer,Tennessee,47045,5,0
2020-04-03,Fayette,Tennessee,47047,17,0
2020-04-03,Fentress,Tennessee,47049,1,0
2020-04-03,Franklin,Tennessee,47051,12,1
2020-04-03,Gibson,Tennessee,47053,7,0
2020-04-03,Giles,Tennessee,47055,3,0
2020-04-03,Grainger,Tennessee,47057,3,0
2020-04-03,Greene,Tennessee,47059,16,1
2020-04-03,Grundy,Tennessee,47061,11,0
2020-04-03,Hamblen,Tennessee,47063,3,0
2020-04-03,Hamilton,Tennessee,47065,67,3
2020-04-03,Hardeman,Tennessee,47069,5,0
2020-04-03,Hardin,Tennessee,47071,2,0
2020-04-03,Hawkins,Tennessee,47073,8,1
2020-04-03,Haywood,Tennessee,47075,2,0
2020-04-03,Henry,Tennessee,47079,4,0
2020-04-03,Hickman,Tennessee,47081,1,0
2020-04-03,Houston,Tennessee,47083,1,0
2020-04-03,Humphreys,Tennessee,47085,3,0
2020-04-03,Jackson,Tennessee,47087,3,0
2020-04-03,Jefferson,Tennessee,47089,6,0
2020-04-03,Johnson,Tennessee,47091,2,0
2020-04-03,Knox,Tennessee,47093,98,1
2020-04-03,Lauderdale,Tennessee,47097,2,0
2020-04-03,Lawrence,Tennessee,47099,3,0
2020-04-03,Lewis,Tennessee,47101,2,0
2020-04-03,Lincoln,Tennessee,47103,4,0
2020-04-03,Loudon,Tennessee,47105,12,0
2020-04-03,Macon,Tennessee,47111,7,0
2020-04-03,Madison,Tennessee,47113,17,0
2020-04-03,Marion,Tennessee,47115,14,1
2020-04-03,Marshall,Tennessee,47117,4,0
2020-04-03,Maury,Tennessee,47119,20,0
2020-04-03,McMinn,Tennessee,47107,3,0
2020-04-03,McNairy,Tennessee,47109,3,0
2020-04-03,Meigs,Tennessee,47121,2,0
2020-04-03,Monroe,Tennessee,47123,5,0
2020-04-03,Montgomery,Tennessee,47125,41,0
2020-04-03,Morgan,Tennessee,47129,2,0
2020-04-03,Obion,Tennessee,47131,2,1
2020-04-03,Overton,Tennessee,47133,2,0
2020-04-03,Perry,Tennessee,47135,2,0
2020-04-03,Polk,Tennessee,47139,2,0
2020-04-03,Putnam,Tennessee,47141,81,0
2020-04-03,Roane,Tennessee,47145,3,0
2020-04-03,Robertson,Tennessee,47147,51,0
2020-04-03,Rutherford,Tennessee,47149,127,3
2020-04-03,Scott,Tennessee,47151,3,0
2020-04-03,Sequatchie,Tennessee,47153,2,0
2020-04-03,Sevier,Tennessee,47155,13,0
2020-04-03,Shelby,Tennessee,47157,640,7
2020-04-03,Smith,Tennessee,47159,3,0
2020-04-03,Sullivan,Tennessee,47163,18,1
2020-04-03,Sumner,Tennessee,47165,283,8
2020-04-03,Tipton,Tennessee,47167,28,0
2020-04-03,Trousdale,Tennessee,47169,7,1
2020-04-03,Unicoi,Tennessee,47171,1,0
2020-04-03,Union,Tennessee,47173,1,0
2020-04-03,Unknown,Tennessee,NA,80,0
2020-04-03,Warren,Tennessee,47177,1,0
2020-04-03,Washington,Tennessee,47179,20,0
2020-04-03,Wayne,Tennessee,47181,2,0
2020-04-03,Weakley,Tennessee,47183,1,0
2020-04-03,White,Tennessee,47185,2,0
2020-04-03,Williamson,Tennessee,47187,221,3
2020-04-03,Wilson,Tennessee,47189,71,0
